{"config": {"epochs": 11, "input_variables": ["DBZ", "VEL", "KDP", "RHOHV", "ZDR", "WIDTH"], "train_years": [2013, 2014, 2015, 2016, 2017, 2018, 2019, 2020], "val_years": [2021, 2022], "batch_size": 64, "model": "vgg", "start_filters": 32, "learning_rate": 0.0005010551964456147, "decay_steps": 914, "decay_rate": 0.9949930982305404, "l2_reg": 2.192253736663786e-06, "kernel_size": 3, "n_blocks": 4, "convs_per_block": [2, 2, 3, 3], "drop_rate": 0.16858523753805538, "wN": 1.716686766283548, "w0": 2.3413447131625205, "w1": 2.3609994159840175, "w2": 3.5075605055569476, "wW": 1.007912428906134, "label_smooth": 0.018901258158023983, "head": "maxpool", "exp_name": "tornado_baseline", "exp_dir": ".", "dataloader": "torch", "dataloader_kwargs": {"tilt_last": false}, "accelerator": "auto", "devices": 1, "precision": "32-true", "log_every_n_steps": 25, "loss": "cce", "convs_block1": 1, "convs_block2": 3, "convs_block3": 3, "convs_block4": 2}}