{"config": {"epochs": 10, "input_variables": ["DBZ", "VEL", "KDP", "RHOHV", "ZDR", "WIDTH"], "train_years": [2013, 2014, 2015, 2016, 2017, 2018, 2019, 2020], "val_years": [2021, 2022], "batch_size": 64, "model": "vgg", "start_filters": 32, "learning_rate": 2.474478605416875e-05, "decay_steps": 2326, "decay_rate": 0.9015248508741516, "l2_reg": 9.749552158611782e-05, "kernel_size": 3, "n_blocks": 4, "convs_per_block": [3, 3, 3, 3], "drop_rate": 0.14838432000697083, "wN": 1.933056189339517, "w0": 2.5954477866839443, "w1": 2.7539475581397626, "w2": 3.132032111977142, "wW": 0.31714267577707544, "label_smooth": 0.00511914482543997, "head": "avgpool", "exp_name": "tornado_baseline_trial3", "exp_dir": ".", "dataloader": "torch", "dataloader_kwargs": {"tilt_last": false}, "accelerator": "auto", "devices": 1, "precision": "32-true", "log_every_n_steps": 25, "loss": "cce", "convs_block1": 2, "convs_block2": 3, "convs_block3": 2, "convs_block4": 4}}