{"config": {"epochs": 11, "input_variables": ["DBZ", "VEL", "KDP", "RHOHV", "ZDR", "WIDTH"], "train_years": [2013, 2014, 2015, 2016, 2017, 2018, 2019, 2020], "val_years": [2021, 2022], "batch_size": 128, "model": "vgg", "start_filters": 32, "learning_rate": 1.7609794779210276e-05, "decay_steps": 1256, "decay_rate": 0.9231819420030218, "l2_reg": 1.3713873990963515e-05, "kernel_size": 5, "n_blocks": 3, "convs_per_block": [2, 3, 4, 4], "drop_rate": 0.18982924973986348, "wN": 0.6153686876582677, "w0": 2.008954201755935, "w1": 1.3391516976814846, "w2": 3.152761741234654, "wW": 1.6477794344083887, "label_smooth": 0.020863966339223695, "head": "avgpool", "exp_name": "tornado_baseline_trial2", "exp_dir": ".", "dataloader": "torch", "dataloader_kwargs": {"tilt_last": false}, "accelerator": "auto", "devices": 1, "precision": "32-true", "log_every_n_steps": 25, "loss": "bce"}}