{"config": {"epochs": 13, "input_variables": ["DBZ", "VEL", "KDP", "RHOHV", "ZDR", "WIDTH"], "train_years": [2013, 2014, 2015, 2016, 2017, 2018, 2019, 2020], "val_years": [2021, 2022], "batch_size": 96, "model": "vgg", "start_filters": 48, "learning_rate": 0.00016377699022553655, "decay_steps": 2408, "decay_rate": 0.9068935745349012, "l2_reg": 1.0105179212487928e-06, "kernel_size": 3, "n_blocks": 4, "convs_per_block": [1, 1, 4, 4], "drop_rate": 0.22702057568513367, "wN": 1.3460877633927593, "w0": 2.788348725040011, "w1": 1.248670179433515, "w2": 2.9775422452514264, "wW": 1.3319219532441173, "label_smooth": 0.08201825160215846, "head": "avgpool", "exp_name": "tornado_baseline_trial1", "exp_dir": ".", "dataloader": "torch", "dataloader_kwargs": {"tilt_last": false}, "accelerator": "auto", "devices": 1, "precision": "32-true", "log_every_n_steps": 25, "loss": "bce", "convs_block1": 3, "convs_block2": 2, "convs_block3": 2, "convs_block4": 2}}