epoch,lr-Adam,step,train_loss_step
,0.00043573329877288284,0,
0,,24,0.25799137353897095
