{"config": {"epochs": 8, "input_variables": ["DBZ", "VEL", "KDP", "RHOHV", "ZDR", "WIDTH"], "train_years": [2013, 2014, 2015, 2016, 2017, 2018, 2019, 2020], "val_years": [2021, 2022], "batch_size": 96, "model": "vgg", "start_filters": 64, "learning_rate": 4.554884576659203e-05, "decay_steps": 2072, "decay_rate": 0.9211722468811696, "l2_reg": 1.7731801574458762e-06, "kernel_size": 3, "n_blocks": 4, "convs_per_block": [2, 1, 3, 4], "drop_rate": 0.1279725303436105, "wN": 0.9905876484792131, "w0": 1.5657779147700603, "w1": 2.9372384835949914, "w2": 3.2326352803653906, "wW": 0.8521020089006752, "label_smooth": 0.014230185747545433, "head": "maxpool", "exp_name": "tornado_baseline_trial2", "exp_dir": ".", "dataloader": "torch", "dataloader_kwargs": {"tilt_last": false}, "accelerator": "auto", "devices": 1, "precision": "32-true", "log_every_n_steps": 25, "loss": "bce", "convs_block1": 3, "convs_block2": 2, "convs_block3": 2, "convs_block4": 2}}