{"config": {"epochs": 14, "input_variables": ["DBZ", "VEL", "KDP", "RHOHV", "ZDR", "WIDTH"], "train_years": [2013, 2014, 2015, 2016, 2017, 2018, 2019, 2020], "val_years": [2021, 2022], "batch_size": 192, "model": "vgg", "start_filters": 32, "learning_rate": 1.8042899564808688e-05, "decay_steps": 863, "decay_rate": 0.9147438097550366, "l2_reg": 0.0003648035630117975, "kernel_size": 5, "n_blocks": 2, "convs_per_block": [3, 3, 3, 4], "drop_rate": 0.15692431523800393, "wN": 2.104595406216381, "w0": 1.2607659483547051, "w1": 2.0081382242146937, "w2": 1.8576089041672457, "wW": 0.8514622786702633, "label_smooth": 0.08749947198523483, "head": "maxpool", "exp_name": "tornado_baseline_trial2", "exp_dir": ".", "dataloader": "torch", "dataloader_kwargs": {"tilt_last": false}, "accelerator": "auto", "devices": 1, "precision": "32-true", "log_every_n_steps": 25, "loss": "bce", "convs_block1": 2, "convs_block2": 3, "convs_block3": 2, "convs_block4": 4}}