{"config": {"epochs": 11, "input_variables": ["DBZ", "VEL", "KDP", "RHOHV", "ZDR", "WIDTH"], "train_years": [2013, 2014, 2015, 2016, 2017, 2018, 2019, 2020], "val_years": [2021, 2022], "batch_size": 96, "model": "vgg", "start_filters": 64, "learning_rate": 7.414230076004462e-05, "decay_steps": 2494, "decay_rate": 0.9258002813868997, "l2_reg": 4.39841008854472e-05, "kernel_size": 3, "n_blocks": 4, "convs_per_block": [1, 3, 3, 3], "drop_rate": 0.1767900703871374, "wN": 0.4067233392360312, "w0": 1.1147936244371386, "w1": 2.3513229375220197, "w2": 3.764653394727233, "wW": 0.47321181868531614, "label_smooth": 0.004855686137218696, "head": "maxpool", "exp_name": "tornado_baseline_trial0", "exp_dir": ".", "dataloader": "torch", "dataloader_kwargs": {"tilt_last": false}, "accelerator": "auto", "devices": 1, "precision": "32-true", "log_every_n_steps": 25, "loss": "cce", "convs_block1": 1, "convs_block2": 3, "convs_block3": 3, "convs_block4": 2}}