{"config": {"epochs": 10, "input_variables": ["DBZ", "VEL", "KDP", "RHOHV", "ZDR", "WIDTH"], "train_years": [2013, 2014, 2015, 2016, 2017, 2018, 2019, 2020], "val_years": [2021, 2022], "batch_size": 96, "model": "vgg", "start_filters": 32, "learning_rate": 1.4715000039315672e-05, "decay_steps": 2223, "decay_rate": 0.996397518017788, "l2_reg": 1.1957022659415977e-06, "kernel_size": 5, "n_blocks": 4, "convs_per_block": [3, 1, 2, 3], "drop_rate": 0.19182938659396082, "wN": 1.7453141264559386, "w0": 0.8194058466060219, "w1": 1.5884797089967266, "w2": 3.1757752775731407, "wW": 1.8679912627011943, "label_smooth": 0.08495606256467313, "head": "avgpool", "exp_name": "tornado_baseline_trial0", "exp_dir": ".", "dataloader": "torch", "dataloader_kwargs": {"tilt_last": false}, "accelerator": "auto", "devices": 1, "precision": "32-true", "log_every_n_steps": 25, "loss": "bce", "convs_block1": 2, "convs_block2": 3, "convs_block3": 2, "convs_block4": 4}}