{"config": {"epochs": 9, "input_variables": ["DBZ", "VEL", "KDP", "RHOHV", "ZDR", "WIDTH"], "train_years": [2013, 2014, 2015, 2016, 2017, 2018, 2019, 2020], "val_years": [2021, 2022], "batch_size": 256, "model": "vgg", "start_filters": 32, "learning_rate": 0.00096979225147717, "decay_steps": 512, "decay_rate": 0.9309951031401356, "l2_reg": 0.0002774554279447277, "kernel_size": 3, "n_blocks": 2, "convs_per_block": [3, 2, 3, 2], "drop_rate": 0.35441648109321366, "wN": 2.0050072304847983, "w0": 2.5007405120318107, "w1": 2.665737952483321, "w2": 3.1492353949628606, "wW": 1.2272264579151262, "label_smooth": 0.07904246212486779, "head": "avgpool", "exp_name": "tornado_baseline_trial6", "exp_dir": ".", "dataloader": "torch", "dataloader_kwargs": {"tilt_last": false}, "accelerator": "auto", "devices": 1, "precision": "32-true", "log_every_n_steps": 25, "loss": "cce", "convs_block1": 2, "convs_block2": 3, "convs_block3": 2, "convs_block4": 4}}