{"config": {"epochs": 6, "input_variables": ["DBZ", "VEL", "KDP", "RHOHV", "ZDR", "WIDTH"], "train_years": [2013, 2014, 2015, 2016, 2017, 2018, 2019, 2020], "val_years": [2021, 2022], "batch_size": 192, "model": "vgg", "start_filters": 48, "learning_rate": 3.5265143388380835e-05, "decay_steps": 848, "decay_rate": 0.9963603633161954, "l2_reg": 2.5593183521733716e-05, "kernel_size": 3, "n_blocks": 2, "convs_per_block": [2, 2, 2, 2], "drop_rate": 0.24326281185676762, "wN": 2.4045027492320767, "w0": 0.9367224695668388, "w1": 2.581214905136535, "w2": 3.5021811283838926, "wW": 0.643438601906474, "label_smooth": 0.003220180792663485, "head": "avgpool", "exp_name": "tornado_baseline_trial3", "exp_dir": ".", "dataloader": "torch", "dataloader_kwargs": {"tilt_last": false, "workers": 2, "pin_memory": false}, "accelerator": "auto", "devices": 1, "precision": "32-true", "log_every_n_steps": 25, "loss": "bce", "convs_block1": 2, "convs_block2": 3, "convs_block3": 2, "convs_block4": 4}}