{"config": {"epochs": 5, "input_variables": ["DBZ", "VEL", "KDP", "RHOHV", "ZDR", "WIDTH"], "train_years": [2013, 2014, 2015, 2016, 2017, 2018, 2019, 2020], "val_years": [2021, 2022], "batch_size": 192, "model": "vgg", "start_filters": 48, "learning_rate": 0.00015111756100791887, "decay_steps": 2233, "decay_rate": 0.9272212464572234, "l2_reg": 1.9358134329739694e-05, "kernel_size": 3, "n_blocks": 4, "convs_per_block": [2, 3, 3, 3], "drop_rate": 0.33745081828265644, "wN": 1.8236198604058804, "w0": 1.745407482007835, "w1": 2.096114058514609, "w2": 1.3214083785344308, "wW": 1.7229415637479606, "label_smooth": 0.021054834333706918, "head": "maxpool", "exp_name": "tornado_baseline_trial0", "exp_dir": ".", "dataloader": "torch", "dataloader_kwargs": {"tilt_last": false}, "sequence_length": 4, "lstm_hidden_size": 64, "lstm_layers": 1, "accelerator": "auto", "devices": 1, "precision": "32-true", "log_every_n_steps": 25, "loss": "cce", "convs_block1": 1, "convs_block2": 3, "convs_block3": 3, "convs_block4": 2}}