{"config": {"epochs": 9, "input_variables": ["DBZ", "VEL", "KDP", "RHOHV", "ZDR", "WIDTH"], "train_years": [2013, 2014, 2015, 2016, 2017, 2018, 2019, 2020], "val_years": [2021, 2022], "batch_size": 64, "model": "vgg", "start_filters": 32, "learning_rate": 0.00043573329877288284, "decay_steps": 2408, "decay_rate": 0.9809218272930067, "l2_reg": 2.5674230648978536e-05, "kernel_size": 5, "n_blocks": 2, "convs_per_block": [3, 3, 3, 3], "drop_rate": 0.20910208271557001, "wN": 0.5633768394827645, "w0": 2.9837806468094543, "w1": 2.9544438723296045, "w2": 1.088827906324338, "wW": 1.0165055850847085, "label_smooth": 0.05421815998951042, "head": "avgpool", "exp_name": "tornado_baseline_trial1", "exp_dir": ".", "dataloader": "torch", "dataloader_kwargs": {"tilt_last": false}, "accelerator": "auto", "devices": 1, "precision": "32-true", "log_every_n_steps": 25, "loss": "bce", "convs_block1": 2, "convs_block2": 3, "convs_block3": 2, "convs_block4": 4}}