{"config": {"epochs": 9, "input_variables": ["DBZ", "VEL", "KDP", "RHOHV", "ZDR", "WIDTH"], "train_years": [2013, 2014, 2015, 2016, 2017, 2018, 2019, 2020], "val_years": [2021, 2022], "batch_size": 128, "model": "vgg", "start_filters": 48, "learning_rate": 0.000475503273518722, "decay_steps": 1918, "decay_rate": 0.9507966677857114, "l2_reg": 0.0005455106966602343, "kernel_size": 5, "n_blocks": 3, "wN": 2.0800881465812187, "w0": 2.2683896400331407, "w1": 1.367537487845726, "w2": 1.32126981076473, "wW": 1.1008979345800245, "label_smooth": 0.08607928588194301, "head": "avgpool", "exp_name": "tornado_baseline_trial2", "exp_dir": ".", "dataloader": "torch", "dataloader_kwargs": {"tilt_last": false}, "accelerator": "auto", "devices": 1, "precision": "32-true", "log_every_n_steps": 25, "loss": "bce"}}