{"config": {"epochs": 7, "input_variables": ["DBZ", "VEL", "KDP", "RHOHV", "ZDR", "WIDTH"], "train_years": [2013, 2014, 2015, 2016, 2017, 2018, 2019, 2020], "val_years": [2021, 2022], "batch_size": 128, "model": "vgg", "start_filters": 32, "learning_rate": 7.08146907978891e-05, "decay_steps": 1250, "decay_rate": 0.9527147982230602, "l2_reg": 2.1259653131204903e-06, "kernel_size": 5, "n_blocks": 4, "wN": 1.5673127775492117, "w0": 1.6217714091688071, "w1": 2.2904184292223277, "w2": 2.780936191157024, "wW": 1.0846467871387875, "label_smooth": 0.03139749320574316, "head": "avgpool", "exp_name": "tornado_baseline_trial0", "exp_dir": ".", "dataloader": "torch", "dataloader_kwargs": {"tilt_last": false}, "accelerator": "auto", "devices": 1, "precision": "32-true", "log_every_n_steps": 25, "loss": "cce"}}