{"config": {"epochs": 15, "input_variables": ["DBZ", "VEL", "KDP", "RHOHV", "ZDR", "WIDTH"], "train_years": [2013, 2014, 2015, 2016, 2017, 2018, 2019, 2020], "val_years": [2021, 2022], "batch_size": 64, "model": "vgg", "start_filters": 32, "learning_rate": 9.002937158246772e-05, "decay_steps": 840, "decay_rate": 0.9143356704491031, "l2_reg": 1.9862035831930668e-05, "kernel_size": 5, "n_blocks": 4, "convs_per_block": [3, 1, 2, 4], "drop_rate": 0.22310196505529248, "wN": 2.476005560261707, "w0": 1.8262207929894556, "w1": 2.318553092806564, "w2": 2.4710101885884512, "wW": 1.0178979091704974, "label_smooth": 0.09409184070859572, "head": "avgpool", "exp_name": "tornado_baseline_trial10", "exp_dir": ".", "dataloader": "torch", "dataloader_kwargs": {"tilt_last": false}, "accelerator": "auto", "devices": 1, "precision": "32-true", "log_every_n_steps": 25, "loss": "bce", "convs_block1": 2, "convs_block2": 3, "convs_block3": 2, "convs_block4": 4}}