{"config": {"epochs": 14, "input_variables": ["DBZ", "VEL", "KDP", "RHOHV", "ZDR", "WIDTH"], "train_years": [2013, 2014, 2015, 2016, 2017, 2018, 2019, 2020], "val_years": [2021, 2022], "batch_size": 256, "model": "vgg", "start_filters": 32, "learning_rate": 0.00025742623044924166, "decay_steps": 983, "decay_rate": 0.9754092317518661, "l2_reg": 0.0002098242666149642, "kernel_size": 3, "n_blocks": 4, "convs_per_block": [3, 1, 2, 2], "drop_rate": 0.1788682318498292, "wN": 0.8504356907278046, "w0": 2.1372590879227706, "w1": 2.8779524496511355, "w2": 3.881552342392341, "wW": 1.5259178624725982, "label_smooth": 0.0825970456193501, "head": "avgpool", "exp_name": "tornado_baseline_trial9", "exp_dir": ".", "dataloader": "torch", "dataloader_kwargs": {"tilt_last": false}, "accelerator": "auto", "devices": 1, "precision": "32-true", "log_every_n_steps": 25, "loss": "bce", "convs_block1": 2, "convs_block2": 3, "convs_block3": 2, "convs_block4": 4}}