{"config": {"epochs": 10, "input_variables": ["DBZ", "VEL", "KDP", "RHOHV", "ZDR", "WIDTH"], "train_years": [2013, 2014, 2015, 2016, 2017, 2018, 2019, 2020], "val_years": [2021, 2022], "batch_size": 128, "model": "vgg", "start_filters": 80, "learning_rate": 0.0008273916791256494, "decay_steps": 1579, "decay_rate": 0.9416700912036415, "l2_reg": 3.328329589794429e-05, "kernel_size": 3, "n_blocks": 3, "convs_per_block": [1, 2, 3, 4], "drop_rate": 0.15998545483855028, "wN": 0.8279938382725285, "w0": 2.0784069565404684, "w1": 2.6412712097934987, "w2": 3.570449792997972, "wW": 1.1060891325060755, "label_smooth": 0.06376291902566975, "head": "maxpool", "exp_name": "tornado_baseline_trial13", "exp_dir": ".", "dataloader": "torch", "dataloader_kwargs": {"tilt_last": false}, "accelerator": "auto", "devices": 1, "precision": "32-true", "log_every_n_steps": 25, "loss": "bce", "convs_block1": 2, "convs_block2": 3, "convs_block3": 2, "convs_block4": 4}}