{"config": {"epochs": 10, "input_variables": ["DBZ", "VEL", "KDP", "RHOHV", "ZDR", "WIDTH"], "train_years": [2013, 2014, 2015, 2016, 2017, 2018, 2019, 2020], "val_years": [2021, 2022], "batch_size": 96, "model": "vgg", "start_filters": 64, "learning_rate": 0.00011649950857781792, "decay_steps": 2327, "decay_rate": 0.9669677250740126, "l2_reg": 0.00021497722421646062, "kernel_size": 3, "n_blocks": 4, "convs_per_block": [2, 1, 2, 3], "drop_rate": 0.35953941350092744, "wN": 0.6302790012437076, "w0": 2.3568674109805614, "w1": 0.9315835983182642, "w2": 3.3016769834170203, "wW": 0.5761269661878798, "label_smooth": 0.02936264187115646, "head": "avgpool", "exp_name": "tornado_baseline_trial3", "exp_dir": ".", "dataloader": "torch", "dataloader_kwargs": {"tilt_last": false}, "accelerator": "auto", "devices": 1, "precision": "32-true", "log_every_n_steps": 25, "loss": "cce", "convs_block1": 3, "convs_block2": 2, "convs_block3": 2, "convs_block4": 2}}