{"config": {"epochs": 6, "input_variables": ["DBZ", "VEL", "KDP", "RHOHV", "ZDR", "WIDTH"], "train_years": [2013, 2014, 2015, 2016, 2017, 2018, 2019, 2020], "val_years": [2021, 2022], "batch_size": 96, "model": "vgg", "start_filters": 48, "learning_rate": 0.0003688357115521552, "decay_steps": 1890, "decay_rate": 0.9532093942145311, "l2_reg": 0.0003576199696142468, "kernel_size": 5, "n_blocks": 4, "convs_per_block": [1, 2, 3, 4], "drop_rate": 0.17298249005362065, "wN": 1.3118464502764133, "w0": 1.0195555791064879, "w1": 2.5997046527141148, "w2": 1.0841965790663406, "wW": 1.2099782891764743, "label_smooth": 0.030756745480079763, "head": "avgpool", "exp_name": "tornado_baseline_trial0", "exp_dir": ".", "dataloader": "torch", "dataloader_kwargs": {"tilt_last": false}, "accelerator": "auto", "devices": 1, "precision": "32-true", "log_every_n_steps": 25, "loss": "cce", "convs_block1": 2, "convs_block2": 1, "convs_block3": 2, "convs_block4": 3}}