{"config": {"epochs": 13, "input_variables": ["DBZ", "VEL", "KDP", "RHOHV", "ZDR", "WIDTH"], "train_years": [2013, 2014, 2015, 2016, 2017, 2018, 2019, 2020], "val_years": [2021, 2022], "batch_size": 256, "model": "vgg", "start_filters": 64, "learning_rate": 7.985846237104539e-05, "decay_steps": 1531, "decay_rate": 0.9117124136748744, "l2_reg": 6.24057369384494e-06, "kernel_size": 5, "n_blocks": 4, "convs_per_block": [2, 3, 2, 4], "drop_rate": 0.30772416008954695, "wN": 1.6760632807399087, "w0": 1.7950804013170836, "w1": 1.901939674396902, "w2": 2.127172003689653, "wW": 0.7208317027896474, "label_smooth": 0.06793575951005958, "head": "maxpool", "exp_name": "tornado_baseline_trial1", "exp_dir": ".", "dataloader": "torch", "dataloader_kwargs": {"tilt_last": false}, "accelerator": "auto", "devices": 1, "precision": "32-true", "log_every_n_steps": 25, "loss": "cce"}}