{"config": {"epochs": 5, "input_variables": ["DBZ", "VEL", "KDP", "RHOHV", "ZDR", "WIDTH"], "train_years": [2013, 2014, 2015, 2016, 2017, 2018, 2019, 2020], "val_years": [2021, 2022], "batch_size": 256, "model": "vgg", "start_filters": 32, "learning_rate": 0.00014427870134386514, "decay_steps": 631, "decay_rate": 0.9136467061562574, "l2_reg": 1.1815182456844984e-06, "kernel_size": 3, "n_blocks": 4, "convs_per_block": [1, 3, 2, 3], "drop_rate": 0.24728651872693044, "wN": 1.2204353208328418, "w0": 0.9060569494800468, "w1": 1.5413597307400138, "w2": 2.808609810982021, "wW": 1.1866157592168345, "label_smooth": 0.03406039090064418, "head": "avgpool", "exp_name": "tornado_baseline_trial8", "exp_dir": ".", "dataloader": "torch", "dataloader_kwargs": {"tilt_last": false}, "accelerator": "auto", "devices": 1, "precision": "32-true", "log_every_n_steps": 25, "loss": "cce", "convs_block1": 2, "convs_block2": 3, "convs_block3": 2, "convs_block4": 4}}