{"config": {"epochs": 10, "input_variables": ["DBZ", "VEL", "KDP", "RHOHV", "ZDR", "WIDTH"], "train_years": [2013, 2014, 2015, 2016, 2017, 2018, 2019, 2020], "val_years": [2021, 2022], "batch_size": 64, "model": "vgg", "start_filters": 32, "learning_rate": 9.602421693966185e-05, "decay_steps": 753, "decay_rate": 0.92176257127354, "l2_reg": 1.2492651186084457e-05, "kernel_size": 3, "n_blocks": 2, "convs_per_block": [1, 1, 4, 4], "drop_rate": 0.3071424674774252, "wN": 0.7615303349946002, "w0": 1.4656524963177002, "w1": 1.5135291597122547, "w2": 3.616321820990645, "wW": 1.17399641266154, "label_smooth": 0.05773702809563556, "head": "maxpool", "exp_name": "tornado_baseline_trial7", "exp_dir": ".", "dataloader": "torch", "dataloader_kwargs": {"tilt_last": false}, "accelerator": "auto", "devices": 1, "precision": "32-true", "log_every_n_steps": 25, "loss": "bce", "convs_block1": 2, "convs_block2": 3, "convs_block3": 2, "convs_block4": 4}}