{"config": {"epochs": 11, "input_variables": ["DBZ", "VEL", "KDP", "RHOHV", "ZDR", "WIDTH"], "train_years": [2013, 2014, 2015, 2016, 2017, 2018, 2019, 2020], "val_years": [2021, 2022], "batch_size": 192, "model": "vgg", "start_filters": 32, "learning_rate": 0.0001584410152031043, "decay_steps": 1472, "decay_rate": 0.9390523601881816, "l2_reg": 0.00020185825987995308, "kernel_size": 5, "n_blocks": 3, "wN": 1.133377700277807, "w0": 2.3158303372584763, "w1": 1.831576609405871, "w2": 1.5124692632200705, "wW": 0.9280793894312065, "label_smooth": 0.020199214177865455, "head": "maxpool", "exp_name": "tornado_baseline_trial3", "exp_dir": ".", "dataloader": "torch", "dataloader_kwargs": {"tilt_last": false}, "accelerator": "auto", "devices": 1, "precision": "32-true", "log_every_n_steps": 25, "loss": "cce"}}