{"config": {"epochs": 6, "input_variables": ["DBZ", "VEL", "KDP", "RHOHV", "ZDR", "WIDTH"], "train_years": [2013, 2014, 2015, 2016, 2017, 2018, 2019, 2020], "val_years": [2021, 2022], "batch_size": 96, "model": "vgg", "start_filters": 48, "learning_rate": 4.179404158780094e-05, "decay_steps": 2456, "decay_rate": 0.9318444631622863, "l2_reg": 3.7622151001915682e-06, "kernel_size": 5, "n_blocks": 2, "convs_per_block": [2, 3, 2, 3], "drop_rate": 0.12854544709370372, "wN": 0.6717315778889216, "w0": 2.8263739279917512, "w1": 2.7796424238301745, "w2": 3.8270405274623807, "wW": 1.0884561195190567, "label_smooth": 0.04644000665265788, "head": "avgpool", "exp_name": "tornado_baseline_trial0", "exp_dir": ".", "dataloader": "torch", "dataloader_kwargs": {"tilt_last": false}, "accelerator": "auto", "devices": 1, "precision": "32-true", "log_every_n_steps": 25, "loss": "cce"}}