{"config": {"epochs": 12, "input_variables": ["DBZ", "VEL", "KDP", "RHOHV", "ZDR", "WIDTH"], "train_years": [2013, 2014, 2015, 2016, 2017, 2018, 2019, 2020], "val_years": [2021, 2022], "batch_size": 192, "model": "vgg", "start_filters": 64, "learning_rate": 1.4066062176971188e-05, "decay_steps": 1786, "decay_rate": 0.9029911947061062, "l2_reg": 0.0007301529146216597, "kernel_size": 5, "n_blocks": 4, "convs_per_block": [3, 1, 4, 4], "drop_rate": 0.1633123379433891, "wN": 2.317442445017115, "w0": 2.915986944827499, "w1": 1.1486543658560437, "w2": 3.574695414992974, "wW": 1.5231201997820076, "label_smooth": 0.09658112064083849, "head": "avgpool", "exp_name": "tornado_baseline_trial2", "exp_dir": ".", "dataloader": "torch", "dataloader_kwargs": {"tilt_last": false}, "accelerator": "auto", "devices": 1, "precision": "32-true", "log_every_n_steps": 25, "loss": "bce"}}