{"config": {"epochs": 5, "input_variables": ["DBZ", "VEL", "KDP", "RHOHV", "ZDR", "WIDTH"], "train_years": [2013, 2014, 2015, 2016, 2017, 2018, 2019, 2020], "val_years": [2021, 2022], "batch_size": 64, "model": "vgg", "start_filters": 48, "learning_rate": 5.321112229927353e-05, "decay_steps": 602, "decay_rate": 0.907406205189433, "l2_reg": 0.00037542188004705457, "kernel_size": 5, "n_blocks": 3, "convs_per_block": [3, 2, 4, 2], "drop_rate": 0.11495999530742662, "wN": 0.9795605421450517, "w0": 2.2977017991860236, "w1": 2.039888516557751, "w2": 1.3110566020524517, "wW": 1.2499378130928327, "label_smooth": 0.07394408549374788, "head": "maxpool", "exp_name": "tornado_baseline_trial7", "exp_dir": ".", "dataloader": "torch", "dataloader_kwargs": {"tilt_last": false}, "accelerator": "auto", "devices": 1, "precision": "32-true", "log_every_n_steps": 25, "loss": "bce", "convs_block1": 2, "convs_block2": 3, "convs_block3": 2, "convs_block4": 4}}