{"config": {"epochs": 14, "input_variables": ["DBZ", "VEL", "KDP", "RHOHV", "ZDR", "WIDTH"], "train_years": [2013, 2014, 2015, 2016, 2017, 2018, 2019, 2020], "val_years": [2021, 2022], "batch_size": 128, "model": "vgg", "start_filters": 80, "learning_rate": 1.6833210809168448e-05, "decay_steps": 1309, "decay_rate": 0.9306729425431582, "l2_reg": 2.866407626633873e-05, "kernel_size": 5, "n_blocks": 2, "convs_per_block": [3, 3, 2, 4], "drop_rate": 0.2618234609257165, "wN": 0.6341477573809471, "w0": 2.6829804433028523, "w1": 1.5487224287445822, "w2": 3.4990154493012406, "wW": 1.9873568031579256, "label_smooth": 0.06609402920308458, "head": "maxpool", "exp_name": "tornado_baseline_trial8", "exp_dir": ".", "dataloader": "torch", "dataloader_kwargs": {"tilt_last": false}, "accelerator": "auto", "devices": 1, "precision": "32-true", "log_every_n_steps": 25, "loss": "bce", "convs_block1": 2, "convs_block2": 3, "convs_block3": 2, "convs_block4": 4}}