{"config": {"epochs": 10, "input_variables": ["DBZ", "VEL", "KDP", "RHOHV", "ZDR", "WIDTH"], "train_years": [2013, 2014, 2015, 2016, 2017, 2018, 2019, 2020], "val_years": [2021, 2022], "batch_size": 128, "model": "vgg", "start_filters": 32, "learning_rate": 6.868665418634248e-05, "decay_steps": 1600, "decay_rate": 0.9916187731888675, "l2_reg": 4.850918346890159e-06, "kernel_size": 3, "n_blocks": 4, "convs_per_block": [2, 2, 2, 3], "drop_rate": 0.21854906816427355, "wN": 0.4673021919173209, "w0": 1.1641429111119237, "w1": 2.245730057733679, "w2": 1.1074839619778571, "wW": 1.1647564238960781, "label_smooth": 0.09162579399359377, "head": "maxpool", "exp_name": "tornado_baseline_trial0", "exp_dir": ".", "dataloader": "torch", "dataloader_kwargs": {"tilt_last": false}, "accelerator": "auto", "devices": 1, "precision": "32-true", "log_every_n_steps": 25, "loss": "bce", "convs_block1": 1, "convs_block2": 3, "convs_block3": 3, "convs_block4": 2}}