{"config": {"epochs": 13, "input_variables": ["DBZ", "VEL", "KDP", "RHOHV", "ZDR", "WIDTH"], "train_years": [2013, 2014, 2015, 2016, 2017, 2018, 2019, 2020], "val_years": [2021, 2022], "batch_size": 96, "model": "vgg", "start_filters": 80, "learning_rate": 0.00028953080454585976, "decay_steps": 2177, "decay_rate": 0.9086255956401414, "l2_reg": 0.0005617450764644332, "kernel_size": 3, "n_blocks": 4, "convs_per_block": [3, 2, 4, 2], "drop_rate": 0.22512739052729336, "wN": 1.0026812751690717, "w0": 1.3791286838546206, "w1": 1.9451858002270652, "w2": 3.6053482982890186, "wW": 0.3875870122262978, "label_smooth": 0.007022124663123597, "head": "avgpool", "exp_name": "tornado_baseline_trial14", "exp_dir": ".", "dataloader": "torch", "dataloader_kwargs": {"tilt_last": false}, "accelerator": "auto", "devices": 1, "precision": "32-true", "log_every_n_steps": 25, "loss": "cce", "convs_block1": 2, "convs_block2": 3, "convs_block3": 2, "convs_block4": 4}}