{"config": {"epochs": 7, "input_variables": ["DBZ", "VEL", "KDP", "RHOHV", "ZDR", "WIDTH"], "train_years": [2013, 2014, 2015, 2016, 2017, 2018, 2019, 2020], "val_years": [2021, 2022], "batch_size": 128, "model": "vgg", "start_filters": 64, "learning_rate": 0.0007969153897880507, "decay_steps": 1345, "decay_rate": 0.9170238300952397, "l2_reg": 8.992701437641731e-06, "kernel_size": 3, "n_blocks": 4, "convs_per_block": [2, 3, 3, 3], "drop_rate": 0.35091105180449167, "wN": 0.775098196723434, "w0": 2.1623283309947263, "w1": 1.7008937790303271, "w2": 3.3539818709802143, "wW": 1.0434354981944307, "label_smooth": 0.02196559650684147, "head": "avgpool", "exp_name": "tornado_baseline_trial6", "exp_dir": ".", "dataloader": "torch", "dataloader_kwargs": {"tilt_last": false}, "accelerator": "auto", "devices": 1, "precision": "32-true", "log_every_n_steps": 25, "loss": "cce", "convs_block1": 2, "convs_block2": 3, "convs_block3": 2, "convs_block4": 4}}