{"config": {"epochs": 15, "input_variables": ["DBZ", "VEL", "KDP", "RHOHV", "ZDR", "WIDTH"], "train_years": [2013, 2014, 2015, 2016, 2017, 2018, 2019, 2020], "val_years": [2021, 2022], "batch_size": 64, "model": "vgg", "start_filters": 64, "learning_rate": 2.5787597818332068e-05, "decay_steps": 2075, "decay_rate": 0.9700372814909962, "l2_reg": 3.523828123182007e-05, "kernel_size": 3, "n_blocks": 4, "convs_per_block": [3, 2, 2, 2], "drop_rate": 0.17146562091978668, "wN": 0.4524860039174221, "w0": 2.841581475155179, "w1": 1.320214153610355, "w2": 1.225640903929137, "wW": 1.637441930443708, "label_smooth": 0.012622250679662252, "head": "maxpool", "exp_name": "tornado_baseline_trial0", "exp_dir": ".", "dataloader": "torch", "dataloader_kwargs": {"tilt_last": false}, "accelerator": "auto", "devices": 1, "precision": "32-true", "log_every_n_steps": 25, "loss": "cce", "convs_block1": 2, "convs_block2": 3, "convs_block3": 2, "convs_block4": 4}}