{"config": {"epochs": 11, "input_variables": ["DBZ", "VEL", "KDP", "RHOHV", "ZDR", "WIDTH"], "train_years": [2013, 2014, 2015, 2016, 2017, 2018, 2019, 2020], "val_years": [2021, 2022], "batch_size": 128, "model": "vgg", "start_filters": 64, "learning_rate": 0.0008014209945604989, "decay_steps": 1557, "decay_rate": 0.9511429491953127, "l2_reg": 0.0009376424572950629, "kernel_size": 3, "n_blocks": 2, "convs_per_block": [1, 1, 4, 2], "drop_rate": 0.14565022330055838, "wN": 1.717560261864599, "w0": 2.600991564693235, "w1": 0.8926759822305894, "w2": 3.8740558393473483, "wW": 0.7072922856752724, "label_smooth": 0.038992529964389344, "head": "maxpool", "exp_name": "tornado_baseline_trial4", "exp_dir": ".", "dataloader": "torch", "dataloader_kwargs": {"tilt_last": false}, "accelerator": "auto", "devices": 1, "precision": "32-true", "log_every_n_steps": 25, "loss": "bce", "convs_block1": 3, "convs_block2": 3, "convs_block3": 3, "convs_block4": 4}}