{"config": {"epochs": 9, "input_variables": ["DBZ", "VEL", "KDP", "RHOHV", "ZDR", "WIDTH"], "train_years": [2013, 2014, 2015, 2016, 2017, 2018, 2019, 2020], "val_years": [2021, 2022], "batch_size": 64, "model": "vgg", "start_filters": 48, "learning_rate": 0.00039834848158370285, "decay_steps": 550, "decay_rate": 0.9527530146610916, "l2_reg": 0.0002928207131481131, "kernel_size": 5, "n_blocks": 2, "wN": 1.2952044093486472, "w0": 2.6228052293910826, "w1": 0.8756460211322774, "w2": 3.358909054105407, "wW": 0.668837539158495, "label_smooth": 0.07800916452586981, "head": "maxpool", "exp_name": "tornado_baseline_trial0", "exp_dir": ".", "dataloader": "torch", "dataloader_kwargs": {"tilt_last": false}, "accelerator": "auto", "devices": 1, "precision": "32-true", "log_every_n_steps": 25, "loss": "cce"}}