{"config": {"epochs": 9, "input_variables": ["DBZ", "VEL", "KDP", "RHOHV", "ZDR", "WIDTH"], "train_years": [2013, 2014, 2015, 2016, 2017, 2018, 2019, 2020], "val_years": [2021, 2022], "batch_size": 128, "model": "vgg", "start_filters": 64, "learning_rate": 5.571376073508124e-05, "decay_steps": 1958, "decay_rate": 0.9161135024469903, "l2_reg": 0.0004098357837068333, "kernel_size": 3, "n_blocks": 4, "convs_per_block": [2, 2, 4, 3], "drop_rate": 0.3415394888071337, "wN": 1.4842204022423706, "w0": 2.779588637271135, "w1": 2.951999601045192, "w2": 3.97239980195912, "wW": 0.46681702694449956, "label_smooth": 0.0006874419274152444, "head": "maxpool", "exp_name": "tornado_baseline_trial4", "exp_dir": ".", "dataloader": "torch", "dataloader_kwargs": {"tilt_last": false}, "accelerator": "auto", "devices": 1, "precision": "32-true", "log_every_n_steps": 25, "loss": "bce", "convs_block1": 2, "convs_block2": 1, "convs_block3": 2, "convs_block4": 3}}