{"config": {"epochs": 6, "input_variables": ["DBZ", "VEL", "KDP", "RHOHV", "ZDR", "WIDTH"], "train_years": [2013, 2014, 2015, 2016, 2017, 2018, 2019, 2020], "val_years": [2021, 2022], "batch_size": 64, "model": "vgg", "start_filters": 64, "learning_rate": 0.0006636743719010205, "decay_steps": 2272, "decay_rate": 0.9583413380218193, "l2_reg": 1.6862044403749862e-06, "kernel_size": 3, "n_blocks": 4, "convs_per_block": [3, 3, 3, 2], "drop_rate": 0.3460561689660182, "wN": 1.7917117192438785, "w0": 0.8156490555997622, "w1": 1.0752854108754597, "w2": 2.459358924171959, "wW": 1.9417239691337358, "label_smooth": 0.06498552848853197, "head": "avgpool", "exp_name": "tornado_baseline_trial0", "exp_dir": ".", "dataloader": "torch", "dataloader_kwargs": {"tilt_last": false}, "accelerator": "auto", "devices": 1, "precision": "32-true", "log_every_n_steps": 25, "loss": "bce", "convs_block1": 1, "convs_block2": 3, "convs_block3": 3, "convs_block4": 2}}