{"config": {"epochs": 8, "input_variables": ["DBZ", "VEL", "KDP", "RHOHV", "ZDR", "WIDTH"], "train_years": [2013, 2014, 2015, 2016, 2017, 2018, 2019, 2020], "val_years": [2021, 2022], "batch_size": 128, "model": "vgg", "start_filters": 32, "learning_rate": 1.0028649855986243e-05, "decay_steps": 2362, "decay_rate": 0.9845047430768079, "l2_reg": 1.3463382127975113e-05, "kernel_size": 3, "n_blocks": 4, "convs_per_block": [3, 2, 4, 4], "drop_rate": 0.25153495869093756, "wN": 0.6707763055284686, "w0": 1.0973013936126192, "w1": 2.5678483887291947, "w2": 1.3491428262287344, "wW": 1.6365319246292325, "label_smooth": 0.08530262462249562, "head": "avgpool", "exp_name": "tornado_baseline_trial0", "exp_dir": ".", "dataloader": "torch", "dataloader_kwargs": {"tilt_last": false}, "accelerator": "auto", "devices": 1, "precision": "32-true", "log_every_n_steps": 25, "loss": "bce", "convs_block1": 2, "convs_block2": 1, "convs_block3": 2, "convs_block4": 3}}