{"config": {"epochs": 13, "input_variables": ["DBZ", "VEL", "KDP", "RHOHV", "ZDR", "WIDTH"], "train_years": [2013, 2014, 2015, 2016, 2017, 2018, 2019, 2020], "val_years": [2021, 2022], "batch_size": 64, "model": "vgg", "start_filters": 48, "learning_rate": 7.923599861848281e-05, "decay_steps": 2374, "decay_rate": 0.9612406696371117, "l2_reg": 2.7556947808469752e-05, "kernel_size": 3, "n_blocks": 4, "convs_per_block": [3, 1, 4, 3], "drop_rate": 0.24809148576048318, "wN": 1.7134540105028249, "w0": 2.136995904162707, "w1": 1.3855388169565854, "w2": 3.6890948598382005, "wW": 0.7153088628843229, "label_smooth": 0.05659010674720243, "head": "maxpool", "exp_name": "tornado_baseline_trial12", "exp_dir": ".", "dataloader": "torch", "dataloader_kwargs": {"tilt_last": false}, "accelerator": "auto", "devices": 1, "precision": "32-true", "log_every_n_steps": 25, "loss": "cce", "convs_block1": 2, "convs_block2": 3, "convs_block3": 2, "convs_block4": 4}}