{"config": {"epochs": 12, "input_variables": ["DBZ", "VEL", "KDP", "RHOHV", "ZDR", "WIDTH"], "train_years": [2013, 2014, 2015, 2016, 2017, 2018, 2019, 2020], "val_years": [2021, 2022], "batch_size": 64, "model": "vgg", "start_filters": 32, "learning_rate": 7.678408442991697e-05, "decay_steps": 1761, "decay_rate": 0.9081752677293488, "l2_reg": 0.0009593453796485003, "kernel_size": 5, "n_blocks": 4, "convs_per_block": [3, 3, 3, 4], "drop_rate": 0.24357465219441696, "wN": 1.7786452853242065, "w0": 1.1676225233732047, "w1": 2.7267407717454946, "w2": 3.4309678681493736, "wW": 0.46992115621920466, "label_smooth": 0.015111335712982689, "head": "maxpool", "exp_name": "tornado_baseline_trial3", "exp_dir": ".", "dataloader": "torch", "dataloader_kwargs": {"tilt_last": false}, "accelerator": "auto", "devices": 1, "precision": "32-true", "log_every_n_steps": 25, "loss": "bce", "convs_block1": 2, "convs_block2": 3, "convs_block3": 4, "convs_block4": 4}}