{"config": {"epochs": 14, "input_variables": ["DBZ", "VEL", "KDP", "RHOHV", "ZDR", "WIDTH"], "train_years": [2013, 2014, 2015, 2016, 2017, 2018, 2019, 2020], "val_years": [2021, 2022], "batch_size": 128, "model": "vgg", "start_filters": 32, "learning_rate": 2.7321952284617947e-05, "decay_steps": 728, "decay_rate": 0.9023864787526894, "l2_reg": 8.749901333034686e-06, "kernel_size": 5, "n_blocks": 3, "convs_per_block": [1, 1, 4, 2], "drop_rate": 0.15572722346284365, "wN": 2.4351828577996457, "w0": 2.3580196566439087, "w1": 2.536499744962838, "w2": 2.277639536411562, "wW": 0.4687867481067425, "label_smooth": 0.009338606512998315, "head": "maxpool", "exp_name": "tornado_baseline_trial1", "exp_dir": ".", "dataloader": "torch", "dataloader_kwargs": {"tilt_last": false}, "accelerator": "auto", "devices": 1, "precision": "32-true", "log_every_n_steps": 25, "loss": "cce", "convs_block1": 2, "convs_block2": 3, "convs_block3": 2, "convs_block4": 4}}