{"config": {"epochs": 6, "input_variables": ["DBZ", "VEL", "KDP", "RHOHV", "ZDR", "WIDTH"], "train_years": [2013, 2014, 2015, 2016, 2017, 2018, 2019, 2020], "val_years": [2021, 2022], "batch_size": 192, "model": "vgg", "start_filters": 32, "learning_rate": 2.9841758518779635e-05, "decay_steps": 2110, "decay_rate": 0.9041071804290332, "l2_reg": 0.00025566392858131866, "kernel_size": 5, "n_blocks": 2, "convs_per_block": [3, 3, 2, 4], "drop_rate": 0.13193073373162062, "wN": 0.8481787001271586, "w0": 0.8766213156125839, "w1": 1.228446356961039, "w2": 1.4901906296632728, "wW": 1.2279301879624873, "label_smooth": 0.028092019403395653, "head": "maxpool", "exp_name": "tornado_baseline_trial2", "exp_dir": ".", "dataloader": "torch", "dataloader_kwargs": {"tilt_last": false}, "accelerator": "auto", "devices": 1, "precision": "32-true", "log_every_n_steps": 25, "loss": "bce", "convs_block1": 2, "convs_block2": 3, "convs_block3": 2, "convs_block4": 4}}