{"config": {"epochs": 5, "input_variables": ["DBZ", "VEL", "KDP", "RHOHV", "ZDR", "WIDTH"], "train_years": [2013, 2014, 2015, 2016, 2017, 2018, 2019, 2020], "val_years": [2021, 2022], "batch_size": 96, "model": "vgg", "start_filters": 32, "learning_rate": 5.0211073994281e-05, "decay_steps": 1130, "decay_rate": 0.9744325608589642, "l2_reg": 0.0001889042320786801, "kernel_size": 3, "n_blocks": 4, "wN": 0.3863738059563397, "w0": 1.2171460180677895, "w1": 2.1450276155366828, "w2": 1.217650200404528, "wW": 1.131700701673219, "label_smooth": 0.05755426792182033, "head": "avgpool", "exp_name": "tornado_baseline_trial1", "exp_dir": ".", "dataloader": "torch", "dataloader_kwargs": {"tilt_last": false}, "accelerator": "auto", "devices": 1, "precision": "32-true", "log_every_n_steps": 25, "loss": "cce"}}