{"config": {"epochs": 5, "input_variables": ["DBZ", "VEL", "KDP", "RHOHV", "ZDR", "WIDTH"], "train_years": [2013, 2014, 2015, 2016, 2017, 2018, 2019, 2020], "val_years": [2021, 2022], "batch_size": 256, "model": "vgg", "start_filters": 32, "learning_rate": 1.1190200791221359e-05, "decay_steps": 2273, "decay_rate": 0.9310814003559976, "l2_reg": 0.0003598091743925068, "kernel_size": 3, "n_blocks": 3, "convs_per_block": [3, 3, 2, 4], "drop_rate": 0.24391137974701604, "wN": 0.4414497647632182, "w0": 2.924600300898784, "w1": 0.8923064555340021, "w2": 3.6003455398297204, "wW": 0.636337286390737, "label_smooth": 0.062260784522257744, "head": "avgpool", "exp_name": "tornado_baseline_trial0", "exp_dir": ".", "dataloader": "torch", "dataloader_kwargs": {"tilt_last": false}, "accelerator": "auto", "devices": 1, "precision": "32-true", "log_every_n_steps": 25, "loss": "bce", "convs_block1": 2, "convs_block2": 3, "convs_block3": 2, "convs_block4": 4}}