{"config": {"epochs": 9, "input_variables": ["DBZ", "VEL", "KDP", "RHOHV", "ZDR", "WIDTH"], "train_years": [2013, 2014, 2015, 2016, 2017, 2018, 2019, 2020], "val_years": [2021, 2022], "batch_size": 64, "model": "vgg", "start_filters": 48, "learning_rate": 0.0009101352867674077, "decay_steps": 2146, "decay_rate": 0.9936753376605982, "l2_reg": 1.6755054553375012e-05, "kernel_size": 3, "n_blocks": 2, "convs_per_block": [1, 2, 2, 2], "drop_rate": 0.347097141801202, "wN": 2.35348637625547, "w0": 2.3111681339540304, "w1": 1.5753636637709363, "w2": 3.765567230101435, "wW": 0.30482750683847404, "label_smooth": 0.08553997299851034, "head": "avgpool", "exp_name": "tornado_baseline_trial0", "exp_dir": ".", "dataloader": "torch", "dataloader_kwargs": {"tilt_last": false}, "accelerator": "auto", "devices": 1, "precision": "32-true", "log_every_n_steps": 25, "loss": "cce"}}