{"config": {"epochs": 13, "input_variables": ["DBZ", "VEL", "KDP", "RHOHV", "ZDR", "WIDTH"], "train_years": [2013, 2014, 2015, 2016, 2017, 2018, 2019, 2020], "val_years": [2021, 2022], "batch_size": 128, "model": "vgg", "start_filters": 48, "learning_rate": 4.384608658974515e-05, "decay_steps": 742, "decay_rate": 0.9789272140115037, "l2_reg": 9.394425974123119e-06, "kernel_size": 3, "n_blocks": 3, "convs_per_block": [2, 1, 4, 4], "drop_rate": 0.10853881935571882, "wN": 0.4716794879519042, "w0": 2.789914036541506, "w1": 2.544802133042531, "w2": 2.539486359471974, "wW": 1.3281542246623823, "label_smooth": 0.007654486801528271, "head": "avgpool", "exp_name": "tornado_baseline_trial1", "exp_dir": ".", "dataloader": "torch", "dataloader_kwargs": {"tilt_last": false}, "accelerator": "auto", "devices": 1, "precision": "32-true", "log_every_n_steps": 25, "loss": "cce"}}