{"config": {"epochs": 10, "input_variables": ["DBZ", "VEL", "KDP", "RHOHV", "ZDR", "WIDTH"], "train_years": [2013, 2014, 2015, 2016, 2017, 2018, 2019, 2020], "val_years": [2021, 2022], "batch_size": 64, "model": "vgg", "start_filters": 48, "learning_rate": 8.268035636031985e-05, "decay_steps": 1120, "decay_rate": 0.9596382119436805, "l2_reg": 4.4870309070952055e-05, "kernel_size": 3, "n_blocks": 4, "convs_per_block": [2, 1, 4, 3], "drop_rate": 0.12038128861735589, "wN": 0.9156183913894924, "w0": 1.8735002477082712, "w1": 1.2314980610113708, "w2": 2.0287589310261405, "wW": 1.5319345635831296, "label_smooth": 0.023410187696325746, "head": "maxpool", "exp_name": "tornado_baseline_trial0", "exp_dir": ".", "dataloader": "torch", "dataloader_kwargs": {"tilt_last": false}, "accelerator": "auto", "devices": 1, "precision": "32-true", "log_every_n_steps": 25, "loss": "bce", "convs_block1": 1, "convs_block2": 3, "convs_block3": 3, "convs_block4": 2}}