{"config": {"epochs": 10, "input_variables": ["DBZ", "VEL", "KDP", "RHOHV", "ZDR", "WIDTH"], "train_years": [2013, 2014, 2015, 2016, 2017, 2018, 2019, 2020], "val_years": [2021, 2022], "batch_size": 192, "model": "vgg", "start_filters": 32, "learning_rate": 0.0003548658439771202, "decay_steps": 888, "decay_rate": 0.9651442341098372, "l2_reg": 4.305316547064617e-05, "kernel_size": 3, "n_blocks": 4, "convs_per_block": [2, 3, 2, 4], "drop_rate": 0.1635415226464621, "wN": 0.5141323333140018, "w0": 2.0329866732124184, "w1": 2.8316008236347328, "w2": 1.753615170474888, "wW": 1.9981278696842786, "label_smooth": 0.009577759136467435, "head": "maxpool", "exp_name": "tornado_baseline_trial5", "exp_dir": ".", "dataloader": "torch", "dataloader_kwargs": {"tilt_last": false}, "accelerator": "auto", "devices": 1, "precision": "32-true", "log_every_n_steps": 25, "loss": "bce", "convs_block1": 1, "convs_block2": 1, "convs_block3": 4, "convs_block4": 2}}