{"config": {"epochs": 13, "input_variables": ["DBZ", "VEL", "KDP", "RHOHV", "ZDR", "WIDTH"], "train_years": [2013, 2014, 2015, 2016, 2017, 2018, 2019, 2020], "val_years": [2021, 2022], "batch_size": 192, "model": "vgg", "start_filters": 48, "learning_rate": 0.00020847056696162328, "decay_steps": 688, "decay_rate": 0.9136615057884746, "l2_reg": 2.69770624858105e-05, "kernel_size": 5, "n_blocks": 4, "convs_per_block": [2, 1, 2, 4], "drop_rate": 0.39579244233785416, "wN": 0.7639465152688676, "w0": 1.1919615040604115, "w1": 1.1258051816404349, "w2": 3.845098509914299, "wW": 0.9482545471825621, "label_smooth": 0.06679241248053173, "head": "maxpool", "exp_name": "tornado_baseline_trial1", "exp_dir": ".", "dataloader": "torch", "dataloader_kwargs": {"tilt_last": false}, "accelerator": "auto", "devices": 1, "precision": "32-true", "log_every_n_steps": 25, "loss": "bce", "convs_block1": 1, "convs_block2": 3, "convs_block3": 3, "convs_block4": 2}}