{"config": {"epochs": 12, "input_variables": ["DBZ", "VEL", "KDP", "RHOHV", "ZDR", "WIDTH"], "train_years": [2013, 2014, 2015, 2016, 2017, 2018, 2019, 2020], "val_years": [2021, 2022], "batch_size": 64, "model": "vgg", "start_filters": 32, "learning_rate": 8.485771934903472e-05, "decay_steps": 1105, "decay_rate": 0.9264532722442903, "l2_reg": 0.00034351561327590496, "kernel_size": 3, "n_blocks": 4, "convs_per_block": [2, 3, 4, 3], "drop_rate": 0.24782581722590974, "wN": 2.2140256472304207, "w0": 1.8480694825217618, "w1": 2.296814639835901, "w2": 3.112702774576567, "wW": 0.34393018669653797, "label_smooth": 0.045828255702490654, "head": "maxpool", "exp_name": "tornado_baseline_trial5", "exp_dir": ".", "dataloader": "torch", "dataloader_kwargs": {"tilt_last": false}, "accelerator": "auto", "devices": 1, "precision": "32-true", "log_every_n_steps": 25, "loss": "bce", "convs_block1": 2, "convs_block2": 3, "convs_block3": 2, "convs_block4": 4}}