{"config": {"epochs": 14, "input_variables": ["DBZ", "VEL", "KDP", "RHOHV", "ZDR", "WIDTH"], "train_years": [2013, 2014, 2015, 2016, 2017, 2018, 2019, 2020], "val_years": [2021, 2022], "batch_size": 128, "model": "vgg", "start_filters": 48, "learning_rate": 5.158594774816644e-05, "decay_steps": 1967, "decay_rate": 0.915987226585294, "l2_reg": 0.00010923418312664657, "kernel_size": 5, "n_blocks": 4, "convs_per_block": [3, 2, 2, 3], "drop_rate": 0.2993061356758141, "wN": 0.5052140303160277, "w0": 1.7120300954746797, "w1": 1.1754796269616028, "w2": 2.0126055417613413, "wW": 1.7405679735240727, "label_smooth": 0.05634132655473918, "head": "avgpool", "exp_name": "tornado_baseline_trial0", "exp_dir": ".", "dataloader": "torch", "dataloader_kwargs": {"tilt_last": false}, "accelerator": "auto", "devices": 1, "precision": "32-true", "log_every_n_steps": 25, "loss": "bce", "convs_block1": 1, "convs_block2": 3, "convs_block3": 3, "convs_block4": 2}}