{"config": {"epochs": 5, "input_variables": ["DBZ", "VEL", "KDP", "RHOHV", "ZDR", "WIDTH"], "train_years": [2013, 2014, 2015, 2016, 2017, 2018, 2019, 2020], "val_years": [2021, 2022], "batch_size": 64, "model": "vgg", "start_filters": 48, "learning_rate": 0.00017154112816158664, "decay_steps": 1643, "decay_rate": 0.944221302031083, "l2_reg": 0.00010975680527352599, "kernel_size": 3, "n_blocks": 4, "convs_per_block": [1, 2, 4, 4], "drop_rate": 0.29212868054445684, "wN": 2.162659547080899, "w0": 2.568820297044898, "w1": 2.552864159510869, "w2": 2.4300702502704707, "wW": 1.386165495918723, "label_smooth": 0.07321726548503989, "head": "maxpool", "exp_name": "tornado_baseline_trial0", "exp_dir": ".", "dataloader": "torch", "dataloader_kwargs": {"tilt_last": false}, "accelerator": "auto", "devices": 1, "precision": "32-true", "log_every_n_steps": 25, "loss": "bce", "convs_block1": 2, "convs_block2": 1, "convs_block3": 2, "convs_block4": 3}}